{"CalibrationInformation":{"Cameras":[{"Intrinsics":{"ModelParameterCount":14,"ModelParameters":[0.49816444516181946,0.506219744682312,0.49170079827308655,0.49182552099227905,4.0437846183776855,2.76311993598938,0.14368398487567902,4.37147855758667,4.0973105430603027,0.75935208797454834,0,0,2.30312562052859E-5,-1.4472790098807309E-5],"ModelType":"CALIBRATION_LensDistortionModelBrownConrady"},"Location":"CALIBRATION_CameraLocationD0","Purpose":"CALIBRATION_CameraPurposeDepth","MetricRadius":1.7399997711181641,"Rt":{"Rotation":[1,0,0,0,1,0,0,0,1],"Translation":[0,0,0]},"SensorHeight":1024,"SensorWidth":1024,"Shutter":"CALIBRATION_ShutterTypeUndefined","ThermalAdjustmentParams":{"Params":[0,0,0,0,0,0,0,0,0,0,0,0]}},{"Intrinsics":{"ModelParameterCount":14,"ModelParameters":[0.50146204233169556,0.50348687171936035,0.47759854793548584,0.636385977268219,0.5848468542098999,-2.6786749362945557,1.4896692037582397,0.46257621049880981,-2.50605845451355,1.4211721420288086,0,0,-0.00039800757076591253,0.00080145458923652768],"ModelType":"CALIBRATION_LensDistortionModelBrownConrady"},"Location":"CALIBRATION_CameraLocationPV0","Purpose":"CALIBRATION_CameraPurposePhotoVideo","MetricRadius":0,"Rt":{"Rotation":[0.99998962879180908,-0.0029646081384271383,-0.0034627984277904034,0.0033108990173786879,0.99449795484542847,0.10470376163721085,0.003133340273052454,-0.10471413284540176,0.99449741840362549],"Translation":[-0.032027401030063629,-0.0020678017754107714,0.0040062032639980316]},"SensorHeight":3072,"SensorWidth":4096,"Shutter":"CALIBRATION_ShutterTypeUndefined","ThermalAdjustmentParams":{"Params":[0,0,0,0,0,0,0,0,0,0,0,0]}}],"InertialSensors":[{"BiasTemperatureModel":[-0.025140821933746338,0,0,0,0.025115696713328362,0,0,0,0.027144463732838631,0,0,0],"BiasUncertainty":[9.9999997473787516E-5,9.9999997473787516E-5,9.9999997473787516E-5],"Id":"CALIBRATION_InertialSensorId_LSM6DSM","MixingMatrixTemperatureModel":[1.0031237602233887,0,0,0,0.00088955584215000272,0,0,0,0.00078536709770560265,0,0,0,0.00087972288019955158,0,0,0,1.0143485069274902,0,0,0,-0.0035364720970392227,0,0,0,0.00079768861178308725,0,0,0,-0.0036321040242910385,0,0,0,0.987640917301178,0,0,0],"ModelTypeMask":16,"Noise":[0.00095000001601874828,0.00095000001601874828,0.00095000001601874828,0,0,0],"Rt":{"Rotation":[-0.0015094242990016937,0.1143820583820343,-0.99343568086624146,-0.99999833106994629,0.00086922937771305442,0.0016194768249988556,0.001048762584105134,0.99343645572662354,0.11438055336475372],"Translation":[0,0,0]},"SecondOrderScaling":[0,0,0,0,0,0,0,0,0],"SensorType":"CALIBRATION_InertialSensorType_Gyro","TemperatureBounds":[5,60],"TemperatureC":0},{"BiasTemperatureModel":[0.15124502778053284,0,0,0,0.22278924286365509,0,0,0,-0.18858981132507324,0,0,0],"BiasUncertainty":[0.0099999997764825821,0.0099999997764825821,0.0099999997764825821],"Id":"CALIBRATION_InertialSensorId_LSM6DSM","MixingMatrixTemperatureModel":[0.9884483814239502,0,0,0,-0.00091590988449752331,0,0,0,-0.0027055391110479832,0,0,0,-0.00090094463666900992,0,0,0,1.0048604011535645,0,0,0,0.00089069461682811379,0,0,0,-0.0027120588347315788,0,0,0,0.00090767163783311844,0,0,0,0.9860721230506897,0,0,0],"ModelTypeMask":56,"Noise":[0.010700000450015068,0.010700000450015068,0.010700000450015068,0,0,0],"Rt":{"Rotation":[-0.00628475658595562,0.10987238585948944,-0.99392580986022949,-0.99997776746749878,0.0015173080610111356,0.006490753497928381,0.002221246249973774,0.993944525718689,0.10986040532588959],"Translation":[-0.050995156168937683,0.0038360743783414364,0.0015517962165176868]},"SecondOrderScaling":[0,0,0,0,0,0,0,0,0],"SensorType":"CALIBRATION_InertialSensorType_Accelerometer","TemperatureBounds":[5,60],"TemperatureC":0}],"Metadata":{"SerialId":"000325401812","FactoryCalDate":"5/4/2020 2:33:16 PM GMT","Version":{"Major":1,"Minor":2},"DeviceName":"AzureKinect-PV","Notes":"PV0_max_radius_invalid"}}}