{"CalibrationInformation":{"Cameras":[{"Intrinsics":{"ModelParameterCount":14,"ModelParameters":[0.49620333313941956,0.49564573168754578,0.49207866191864014,0.49215444922447205,2.7869949340820312,1.8321801424026489,0.09408232569694519,3.1191465854644775,2.7328293323516846,0.501715898513794,0,0,-2.0065442640770925E-6,-8.7255531980190426E-5],"ModelType":"CALIBRATION_LensDistortionModelBrownConrady"},"Location":"CALIBRATION_CameraLocationD0","Purpose":"CALIBRATION_CameraPurposeDepth","MetricRadius":1.7399997711181641,"Rt":{"Rotation":[1,0,0,0,1,0,0,0,1],"Translation":[0,0,0]},"SensorHeight":1024,"SensorWidth":1024,"Shutter":"CALIBRATION_ShutterTypeUndefined","ThermalAdjustmentParams":{"Params":[0,0,0,0,0,0,0,0,0,0,0,0]}},{"Intrinsics":{"ModelParameterCount":14,"ModelParameters":[0.50112259387969971,0.50157010555267334,0.47541123628616333,0.63360148668289185,0.50764429569244385,-2.5416724681854248,1.455544114112854,0.38858267664909363,-2.3749706745147705,1.3882023096084595,0,0,-0.00026960219838656485,0.00059484282974153757],"ModelType":"CALIBRATION_LensDistortionModelBrownConrady"},"Location":"CALIBRATION_CameraLocationPV0","Purpose":"CALIBRATION_CameraPurposePhotoVideo","MetricRadius":0,"Rt":{"Rotation":[0.99998527765274048,-0.0025164172984659672,-0.0048077637329697609,0.0029515731148421764,0.995684027671814,0.092761047184467316,0.0045535881072282791,-0.092773877084255219,0.99567681550979614],"Translation":[-0.032099783420562744,-0.0022415460553020239,0.0039040062110871077]},"SensorHeight":3072,"SensorWidth":4096,"Shutter":"CALIBRATION_ShutterTypeUndefined","ThermalAdjustmentParams":{"Params":[0,0,0,0,0,0,0,0,0,0,0,0]}}],"InertialSensors":[{"BiasTemperatureModel":[0.019986538216471672,0,0,0,0.024325843900442123,0,0,0,0.030471913516521454,0,0,0],"BiasUncertainty":[9.9999997473787516E-5,9.9999997473787516E-5,9.9999997473787516E-5],"Id":"CALIBRATION_InertialSensorId_LSM6DSM","MixingMatrixTemperatureModel":[0.99834960699081421,0,0,0,0.0042950944043695927,0,0,0,0.006911309901624918,0,0,0,0.004223446361720562,0,0,0,1.0153523683547974,0,0,0,0.010577342472970486,0,0,0,0.00696996133774519,0,0,0,0.010848064906895161,0,0,0,0.99004387855529785,0,0,0],"ModelTypeMask":16,"Noise":[0.00095000001601874828,0.00095000001601874828,0.00095000001601874828,0,0,0],"Rt":{"Rotation":[-0.00892319530248642,0.11271224170923233,-0.99358761310577393,-0.99994921684265137,0.0036481271963566542,0.00939416978508234,0.0046835718676447868,0.99362099170684814,0.11267396807670593],"Translation":[0,0,0]},"SecondOrderScaling":[0,0,0,0,0,0,0,0,0],"SensorType":"CALIBRATION_InertialSensorType_Gyro","TemperatureBounds":[5,60],"TemperatureC":0},{"BiasTemperatureModel":[0.096233509480953217,0,0,0,0.15242283046245575,0,0,0,-0.15615825355052948,0,0,0],"BiasUncertainty":[0.0099999997764825821,0.0099999997764825821,0.0099999997764825821],"Id":"CALIBRATION_InertialSensorId_LSM6DSM","MixingMatrixTemperatureModel":[0.99010628461837769,0,0,0,-0.00066294660791754723,0,0,0,-0.0006314555648714304,0,0,0,-0.00065915856976062059,0,0,0,0.9957958459854126,0,0,0,0.00027112045791000128,0,0,0,-0.000628134235739708,0,0,0,0.00027124432381242514,0,0,0,0.99534118175506592,0,0,0],"ModelTypeMask":56,"Noise":[0.010700000450015068,0.010700000450015068,0.010700000450015068,0,0,0],"Rt":{"Rotation":[0.0012716575292870402,0.11184421181678772,-0.99372494220733643,-0.999998927116394,0.0008469003951177001,-0.0011843672255054116,0.00070912140654399991,0.99372541904449463,0.11184517294168472],"Translation":[-0.05102911964058876,0.0034702231641858816,0.0017682226607576013]},"SecondOrderScaling":[0,0,0,0,0,0,0,0,0],"SensorType":"CALIBRATION_InertialSensorType_Accelerometer","TemperatureBounds":[5,60],"TemperatureC":0}],"Metadata":{"SerialId":"000283101812","FactoryCalDate":"5/4/2020 7:51:02 PM GMT","Version":{"Major":1,"Minor":2},"DeviceName":"AzureKinect-PV","Notes":"PV0_max_radius_invalid"}}}